<?xml version="1.0" encoding="UTF-8"?>

<export>
	<info>
		<creator>Admin</creator>
		<opencms_version>9.5.0</opencms_version>
		<createdate>Tue, 20 Oct 2015 08:41:04 GMT</createdate>
		<infoproject>Offline</infoproject>
		<export_version>7</export_version>
	</info>
	<files>
		<file>
			<destination>istac</destination>
			<type>subsitemap</type>
			<uuidstructure>8a8e0d45-d0dd-11e0-b1eb-1df7316cb1f7</uuidstructure>
			<datelastmodified>Mon, 19 Oct 2015 07:38:13 GMT</datelastmodified>
			<userlastmodified>Admin</userlastmodified>
			<datecreated>Wed, 24 Aug 2011 08:26:34 GMT</datecreated>
			<usercreated>Admin</usercreated>
			<flags>0</flags>
			<properties>
				<property>
					<name>NavStartLevel</name>
					<value><![CDATA[0]]></value>
				</property>
				<property>
					<name>NavText</name>
					<value><![CDATA[Inicio]]></value>
				</property>
				<property>
					<name>Title</name>
					<value><![CDATA[Inicio]]></value>
				</property>
				<property>
					<name>istac.base</name>
					<value><![CDATA[http://des-opencms:8080/]]></value>
				</property>
				<property>
					<name>istac.buscador.endpoint</name>
					<value><![CDATA[http://localhost:8180/buscador]]></value>
				</property>
				<property>
					<name>locale</name>
					<value><![CDATA[es]]></value>
				</property>
				<property>
					<name>template</name>
					<value><![CDATA[/system/modules/es.gobcan.istac.web/templates/portada.jsp]]></value>
				</property>
			</properties>
			<relations/>
			<accesscontrol/>
		</file>
		<file>
			<destination>istac/buscar</destination>
			<type>folder</type>
			<uuidstructure>6a22cb26-7634-11e5-ae14-e8393561845f</uuidstructure>
			<datelastmodified>Mon, 19 Oct 2015 07:38:39 GMT</datelastmodified>
			<userlastmodified>Admin</userlastmodified>
			<datecreated>Mon, 19 Oct 2015 07:38:39 GMT</datecreated>
			<usercreated>Admin</usercreated>
			<flags>0</flags>
			<properties/>
			<relations/>
			<accesscontrol/>
		</file>
		<file>
			<source>istac/buscar/busca</source>
			<destination>istac/buscar/busca</destination>
			<type>containerpage</type>
			<uuidstructure>1d8ac5e3-763b-11e5-ae14-e8393561845f</uuidstructure>
			<uuidresource>1d8ac5e4-763b-11e5-ae14-e8393561845f</uuidresource>
			<datelastmodified>Tue, 20 Oct 2015 06:34:06 GMT</datelastmodified>
			<userlastmodified>Admin</userlastmodified>
			<datecreated>Mon, 19 Oct 2015 08:26:37 GMT</datecreated>
			<usercreated>Admin</usercreated>
			<flags>0</flags>
			<properties>
				<property>
					<name>Title</name>
					<value><![CDATA[Buscador]]></value>
				</property>
				<property>
					<name>template</name>
					<value><![CDATA[/system/modules/es.gobcan.istac.web/templates/plantilla_1col.jsp]]></value>
				</property>
			</properties>
			<relations/>
			<accesscontrol/>
		</file>
		<file>
			<source>istac/buscar/facets</source>
			<destination>istac/buscar/facets</destination>
			<type>containerpage</type>
			<uuidstructure>9e08e85e-763b-11e5-ae14-e8393561845f</uuidstructure>
			<uuidresource>9e08e85f-763b-11e5-ae14-e8393561845f</uuidresource>
			<datelastmodified>Tue, 20 Oct 2015 06:34:54 GMT</datelastmodified>
			<userlastmodified>Admin</userlastmodified>
			<datecreated>Mon, 19 Oct 2015 08:30:13 GMT</datecreated>
			<usercreated>Admin</usercreated>
			<flags>0</flags>
			<properties>
				<property>
					<name>Title</name>
					<value><![CDATA[Buscador]]></value>
				</property>
				<property>
					<name>template</name>
					<value><![CDATA[/system/modules/es.gobcan.istac.portal.buscador/templates/ajax.jsp]]></value>
				</property>
			</properties>
			<relations/>
			<accesscontrol/>
		</file>
		<file>
			<source>istac/buscar/index.html</source>
			<destination>istac/buscar/index.html</destination>
			<type>containerpage</type>
			<uuidstructure>9986e778-7634-11e5-ae14-e8393561845f</uuidstructure>
			<uuidresource>9986e779-7634-11e5-ae14-e8393561845f</uuidresource>
			<datelastmodified>Tue, 20 Oct 2015 06:35:06 GMT</datelastmodified>
			<userlastmodified>Admin</userlastmodified>
			<datecreated>Mon, 19 Oct 2015 07:39:59 GMT</datecreated>
			<usercreated>Admin</usercreated>
			<flags>0</flags>
			<properties>
				<property>
					<name>Title</name>
					<value><![CDATA[Buscador]]></value>
				</property>
				<property>
					<name>template</name>
					<value><![CDATA[/system/modules/es.gobcan.istac.web/templates/plantilla_1col.jsp]]></value>
				</property>
			</properties>
			<relations/>
			<accesscontrol/>
		</file>
	</files>
</export>
